Name,Email,Company
Amity,risus.Nunc.ac@Duismienim.net,Proin Nisl Sem Inc.
Dahlia,non.dui.nec@enim.com,Eu Industries
Amal,in.consequat.enim@Aeneangravidanunc.com,Senectus Et Limited
Tarik,parturient@in.ca,In Inc.
Julian,Sed.nec.metus@ultricesposuerecubilia.com,Odio Phasellus At Foundation
Diana,mi@tellus.net,Lectus Quis Massa Institute
Hop,lacinia.vitae@diam.edu,Cursus A Industries
Jameson,Proin.nisl.sem@elementumloremut.co.uk,Posuere LLP
Illana,ultrices@risus.org,Nisl Foundation
Wanda,egestas.Aliquam@Curabiturutodio.com,Dolor Donec Fringilla Institute
Walker,dolor.elit@lobortisquispede.com,Eget Metus In LLP
Geraldine,ipsum.Curabitur.consequat@fringillamilacinia.co.uk,Euismod PC
Nola,dis@Nunc.com,Malesuada Institute
Stacey,libero.Integer@Nullamlobortis.ca,Faucibus Id LLC
Nyssa,adipiscing.lobortis@eget.org,Sit Company
Alana,vitae.erat@Sedeunibh.co.uk,Eu Metus In PC
Prescott,Morbi@luctusaliquet.com,Ipsum Suspendisse Institute
Jermaine,eu.tellus.eu@Nam.org,Tellus Imperdiet Non LLP
Edan,Nullam.scelerisque.neque@noncursusnon.net,Quisque Varius Nam Company
April,mi.pede@ante.com,Dignissim Corporation
Abel,Nunc@interdumligulaeu.net,Eget Industries
Kirby,congue.turpis.In@aliquet.net,Purus PC
Dustin,Duis@lectusjustoeu.com,Malesuada Augue Ut Foundation
Amelia,vitae.posuere@Etiambibendumfermentum.net,Eu Tellus Phasellus Institute
Bevis,nec.ante@et.net,Massa Institute
Edan,ante.Maecenas.mi@sagittisfelis.ca,Sed Sem Egestas Inc.
Elaine,facilisis.vitae.orci@mollis.co.uk,Sit Amet Massa Inc.
Latifah,Nunc@Cumsociis.net,Senectus Et Company
Burke,eget.dictum.placerat@velpedeblandit.org,A PC
TaShya,Suspendisse@Fuscemilorem.edu,Conubia Nostra Per Corporation
Imelda,nec.diam@elitpretium.net,Class Foundation
Shoshana,consectetuer@mifelisadipiscing.edu,Tincidunt LLP
Amal,tincidunt.congue.turpis@elementumlorem.com,Sem Vitae Associates
Brett,vel.venenatis@arcu.edu,Consectetuer Mauris Corporation
Clare,mauris.sapien.cursus@duinec.com,A Magna Lorem Corp.
Ivan,consectetuer@liberoInteger.org,Mattis Institute
Yoshio,non@Suspendisse.net,Tempor Bibendum Corporation
Paloma,dui.in@vestibulumneque.net,Ultricies Sem LLP
Nigel,porttitor.eros@vulputate.net,Purus Associates
Adele,Aliquam.ornare.libero@tortorNunccommodo.co.uk,Mauris LLP
Jade,tincidunt.vehicula.risus@InloremDonec.co.uk,Vitae Purus Gravida Limited
Iris,libero@eu.org,Dui Fusce Aliquam PC
Graiden,interdum.enim@ornareFuscemollis.co.uk,Donec Limited
Blossom,et@estacfacilisis.ca,Pharetra Corporation
Margaret,Sed@sitamet.org,Cras Pellentesque Sed Corporation
Ignacia,vestibulum.Mauris@risusInmi.org,Sit Company
Lucian,tempus.non@lacus.ca,Pharetra PC
Galvin,imperdiet.ornare@loremipsumsodales.edu,Arcu Incorporated
Matthew,Integer@non.ca,Aenean Eget Magna Ltd
Noelani,magna.Sed@semperduilectus.com,Velit Dui Semper PC
Ruth,non.cursus@Nulla.co.uk,Sed Eu Eros Ltd
Aidan,non.lacinia.at@Quisqueaclibero.edu,Libero Morbi Corp.
Hedda,nec.ante.blandit@nonummy.net,Ac Industries
Nolan,sollicitudin@dui.co.uk,Fermentum Arcu Vestibulum Industries
Brielle,erat@eu.org,Morbi Non Sapien Inc.
Eric,Aenean@elit.co.uk,Ac Institute
Christian,Donec.elementum@vitae.org,Non Lobortis Quis Corporation
Zephr,vehicula.risus@atvelit.com,Lectus Rutrum Urna Associates
Noel,nibh.Quisque.nonummy@Phasellusin.edu,Cursus Institute
Abdul,mi.felis.adipiscing@quisdiamPellentesque.com,Semper Incorporated
Brielle,nisi@elementumdui.org,Phasellus Limited
Cedric,pellentesque.Sed@conguea.co.uk,Ante Vivamus Non Institute
Ramona,metus.Vivamus.euismod@Sednecmetus.com,Mauris Inc.
Cedric,eu.metus@odio.edu,Vivamus LLC
Karyn,auctor@PhasellusnullaInteger.com,Convallis Convallis PC
Xanthus,lectus.Nullam.suscipit@quis.co.uk,Donec Elementum Lorem Company
Yvette,justo.nec.ante@feugiatLorem.net,Libero Proin Incorporated
Kim,dolor.Fusce.mi@semperpretium.co.uk,Sem Vitae Associates
Palmer,quis@arcuNunc.edu,Nec Tempus Scelerisque Industries
Quintessa,amet.dapibus@ligula.net,Sagittis Lobortis Mauris Foundation
Hiram,semper@loremsit.ca,Fusce Company
Clarke,metus.urna.convallis@mollisDuis.edu,Vel Mauris Integer Company
Scarlett,nisl@volutpat.ca,Hendrerit A Arcu Foundation
Kendall,sit.amet.nulla@ac.org,Amet Nulla Institute
Kaden,et.arcu@gravidamauris.co.uk,Ante Consulting
Zane,Pellentesque@euerat.co.uk,Eu Accumsan Associates
Daria,sed.hendrerit@lacus.net,Donec Incorporated
Nash,faucibus.id@luctus.com,Nunc Sed Orci Associates
Tate,netus.et.malesuada@nonfeugiatnec.com,Vestibulum Accumsan Neque Industries
Elton,adipiscing.elit@eleifendnec.net,Id Corporation
Rylee,nonummy.Fusce@nuncinterdumfeugiat.com,Quisque Fringilla Euismod Associates
Buckminster,ipsum.sodales.purus@eutellusPhasellus.co.uk,Donec Industries
Demetria,elit.Etiam.laoreet@tincidunt.co.uk,Laoreet Incorporated
Sopoline,a.ultricies.adipiscing@odio.co.uk,Mi Lacinia Mattis Industries
Cameron,id.nunc.interdum@porta.ca,Turpis Egestas Aliquam PC
Signe,sed.libero@Duis.co.uk,Ac Libero Nec Corp.
Sylvester,in.molestie.tortor@cubilia.ca,Libero Et Corp.
Jael,tellus.Suspendisse@Nulla.org,Mauris Ipsum Porta Associates
Raja,blandit.at@loremauctor.com,Vel Pede Blandit Incorporated
Ria,non.dapibus.rutrum@augueSedmolestie.co.uk,Sagittis Placerat Incorporated
Hayes,ultricies.ornare.elit@Nullamvelitdui.org,Enim Nunc Ut Industries
Rylee,Mauris@elementumsemvitae.net,Massa Rutrum Limited
Daniel,eget@miloremvehicula.co.uk,Praesent Company
Kasper,eu.euismod@quisturpisvitae.edu,Mauris Eu Turpis Corporation
Aretha,pede@ligulaAliquamerat.ca,Leo In Lobortis Company
Jolene,elit@laoreetposuereenim.com,Nunc Sed Limited
Idona,luctus.aliquet@interdumNuncsollicitudin.net,Tortor Integer Industries
Dillon,Curabitur@arcu.org,Tortor Nibh Sit Consulting
Cooper,In.lorem.Donec@Maurisblandit.net,Pellentesque Ut Ipsum Foundation
Athena,aliquet.metus.urna@sodales.net,Sociis Company